summary_template , submitted
report_A1470 , submitted
report_A1522 , submitted
report_A1568 , submitted
report_A1587 , submitted
report_A1611 , submitted
report_A1623 , submitted
report_A1642 , submitted
summary_template , finished
report_A1731 , submitted
report_A1611 , finished
report_A1773 , submitted
report_A1568 , finished
report_A1790 , submitted
report_A1522 , finished
report_A1820 , submitted
report_A1623 , finished
report_A1820B , submitted
report_A1470 , finished
report_B1658 , submitted
report_A1642 , finished
report_B1687 , submitted
report_A1587 , finished
report_B1783 , submitted
report_A1731 , finished
report_C2063 , submitted
report_A1773 , finished
report_C2065 , submitted
report_A1790 , finished
report_C2106 , submitted
report_A1820 , finished
report_D2098 , submitted
report_B1687 , finished
report_D2228 , submitted
report_A1820B , finished
report_D2354 , submitted
report_B1658 , finished
report_D2358 , submitted
report_B1783 , finished
report_D2410 , submitted
report_C2063 , finished
report_D2422 , submitted
report_C2065 , finished
report_D2443 , submitted
report_C2106 , finished
report_D2443B , submitted
report_D2098 , finished
report_D2545 , submitted
report_D2228 , finished
report_D2568 , submitted
report_D2354 , finished
report_D2570 , submitted
report_D2358 , finished
report_D2583 , submitted
report_D2410 , finished
report_P0003 , submitted
report_D2422 , finished
init_report , submitted
init_report , finished
index_html , submitted
index_html , finished
wrapper_A1470 , submitted
wrapper_A1470 , finished
wrapper_A1522 , submitted
wrapper_A1522 , finished
wrapper_A1568 , submitted
wrapper_A1568 , finished
wrapper_A1587 , submitted
wrapper_A1587 , finished
wrapper_A1611 , submitted
wrapper_A1611 , finished
wrapper_A1623 , submitted
report_D2443 , finished
wrapper_A1642 , submitted
report_D2443B , finished
wrapper_A1731 , submitted
wrapper_A1623 , finished
wrapper_A1773 , submitted
wrapper_A1642 , finished
wrapper_A1790 , submitted
wrapper_A1731 , finished
wrapper_A1820 , submitted
wrapper_A1773 , finished
wrapper_A1820B , submitted
wrapper_A1790 , finished
wrapper_B1658 , submitted
wrapper_A1820 , finished
wrapper_B1687 , submitted
wrapper_A1820B , finished
wrapper_B1783 , submitted
wrapper_B1658 , finished
wrapper_C2063 , submitted
wrapper_B1687 , finished
wrapper_C2065 , submitted
wrapper_B1783 , finished
wrapper_C2106 , submitted
wrapper_C2063 , finished
wrapper_D2098 , submitted
wrapper_C2065 , finished
wrapper_D2228 , submitted
wrapper_C2106 , finished
wrapper_D2354 , submitted
wrapper_D2098 , finished
wrapper_D2358 , submitted
wrapper_D2228 , finished
wrapper_D2410 , submitted
wrapper_D2354 , finished
wrapper_D2422 , submitted
report_D2545 , finished
wrapper_D2443 , submitted
wrapper_D2358 , finished
wrapper_D2443B , submitted
wrapper_D2410 , finished
wrapper_D2545 , submitted
wrapper_D2422 , finished
wrapper_D2568 , submitted
report_D2568 , finished
wrapper_D2570 , submitted
report_D2570 , finished
wrapper_D2583 , submitted
report_P0003 , finished
wrapper_P0003 , submitted
wrapper_D2443 , finished
wrapper_D2443B , finished
wrapper_D2545 , finished
wrapper_D2568 , finished
report_D2583 , finished
wrapper_D2570 , finished
wrapper_D2583 , finished
wrapper_P0003 , finished
